,Algorithm,Dataset,Mean Fitness,Std Deviation,Best Individual Found Rate
0,PSO,glass,0.2861538461538461,0.0,0.9999999999999999
1,PSO,wine,0.067037037037037,0.0,0.9999999999999999
2,PSO,magic,0.2050683491062039,0.0,0.9999999999999999
3,GA,glass,0.2902307692307692,0.01223076923076925,0.8999999999999999
4,GA,wine,0.07320987654320985,0.006172839506172847,0.5
5,GA,magic,0.2050683491062039,0.0,0.9999999999999999
6,NSGA-II,glass,0.2861538461538461,0.0,0.9999999999999999
7,NSGA-II,wine,0.067037037037037,0.0,0.9999999999999999
8,NSGA-II,magic,0.2050683491062039,0.0,0.9999999999999999
